{
  "NativeFunctionInfo": {
    "112": {
      "nativeIndex": 112,
      "PreOperator": false,
      "PostOperator": false,
      "Operator": true,
      "Name": "Concat_StrStr",
      "Filename": "Core.u",
      "HumanReadableControlToken": "$"
    },
    "113": {
      "nativeIndex": 113,
      "PreOperator": false,
      "PostOperator": false,
      "Operator": false,
      "Name": "GotoState",
      "Filename": "Core.u",
      "HumanReadableControlToken": null
    },
    "114": {
      "nativeIndex": 114,
      "PreOperator": false,
      "PostOperator": false,
      "Operator": true,
      "Name": "EqualEqual_ObjectObject",
      "Filename": "Core.u",
      "HumanReadableControlToken": " == "
    },
    "115": {
      "nativeIndex": 115,
      "PreOperator": false,
      "PostOperator": false,
      "Operator": true,
      "Name": "Less_StrStr",
      "Filename": "Core.u",
      "HumanReadableControlToken": null
    },
    "116": {
      "nativeIndex": 116,
      "PreOperator": false,
      "PostOperator": false,
      "Operator": true,
      "Name": "Greater_StrStr",
      "Filename": "Core.u",
      "HumanReadableControlToken": null
    },
    "117": {
      "nativeIndex": 117,
      "PreOperator": false,
      "PostOperator": false,
      "Operator": false,
      "Name": "Enable",
      "Filename": "Core.u",
      "HumanReadableControlToken": null
    },
    "118": {
      "nativeIndex": 118,
      "PreOperator": false,
      "PostOperator": false,
      "Operator": false,
      "Name": "Disable",
      "Filename": "Core.u",
      "HumanReadableControlToken": null
    },
    "119": {
      "nativeIndex": 119,
      "PreOperator": false,
      "PostOperator": false,
      "Operator": true,
      "Name": "NotEqual_ObjectObject",
      "Filename": "Core.u",
      "HumanReadableControlToken": " != "
    },
    "120": {
      "nativeIndex": 120,
      "PreOperator": false,
      "PostOperator": false,
      "Operator": true,
      "Name": "LessEqual_StrStr",
      "Filename": "Core.u",
      "HumanReadableControlToken": null
    },
    "121": {
      "nativeIndex": 121,
      "PreOperator": false,
      "PostOperator": false,
      "Operator": true,
      "Name": "GreaterEqual_StrStr",
      "Filename": "Core.u",
      "HumanReadableControlToken": null
    },
    "122": {
      "nativeIndex": 122,
      "PreOperator": false,
      "PostOperator": false,
      "Operator": true,
      "Name": "EqualEqual_StrStr",
      "Filename": "Core.u",
      "HumanReadableControlToken": null
    },
    "123": {
      "nativeIndex": 123,
      "PreOperator": false,
      "PostOperator": false,
      "Operator": true,
      "Name": "NotEqual_StrStr",
      "Filename": "Core.u",
      "HumanReadableControlToken": null
    },
    "124": {
      "nativeIndex": 124,
      "PreOperator": false,
      "PostOperator": false,
      "Operator": true,
      "Name": "ComplementEqual_StrStr",
      "Filename": "Core.u",
      "HumanReadableControlToken": null
    },
    "125": {
      "nativeIndex": 125,
      "PreOperator": false,
      "PostOperator": false,
      "Operator": false,
      "Name": "Len",
      "Filename": "Core.u",
      "HumanReadableControlToken": null
    },
    "126": {
      "nativeIndex": 126,
      "PreOperator": false,
      "PostOperator": false,
      "Operator": false,
      "Name": "InStr",
      "Filename": "Core.u",
      "HumanReadableControlToken": null
    },
    "127": {
      "nativeIndex": 127,
      "PreOperator": false,
      "PostOperator": false,
      "Operator": false,
      "Name": "Mid",
      "Filename": "Core.u",
      "HumanReadableControlToken": null
    },
    "128": {
      "nativeIndex": 128,
      "PreOperator": false,
      "PostOperator": false,
      "Operator": false,
      "Name": "Left",
      "Filename": "Core.u",
      "HumanReadableControlToken": null
    },
    "129": {
      "nativeIndex": 129,
      "PreOperator": true,
      "PostOperator": true,
      "Operator": true,
      "Name": "Not_PreBool",
      "Filename": "Core.u",
      "HumanReadableControlToken": "!"
    },
    "130": {
      "nativeIndex": 130,
      "PreOperator": false,
      "PostOperator": false,
      "Operator": true,
      "Name": "AndAnd_BoolBool",
      "Filename": "Core.u",
      "HumanReadableControlToken": " && "
    },
    "131": {
      "nativeIndex": 131,
      "PreOperator": false,
      "PostOperator": false,
      "Operator": true,
      "Name": "XorXor_BoolBool",
      "Filename": "Core.u",
      "HumanReadableControlToken": null
    },
    "132": {
      "nativeIndex": 132,
      "PreOperator": false,
      "PostOperator": false,
      "Operator": true,
      "Name": "OrOr_BoolBool",
      "Filename": "Core.u",
      "HumanReadableControlToken": " || "
    },
    "133": {
      "nativeIndex": 133,
      "PreOperator": false,
      "PostOperator": false,
      "Operator": true,
      "Name": "MultiplyEqual_ByteByte",
      "Filename": "Core.u",
      "HumanReadableControlToken": " *= "
    },
    "134": {
      "nativeIndex": 134,
      "PreOperator": false,
      "PostOperator": false,
      "Operator": true,
      "Name": "DivideEqual_ByteByte",
      "Filename": "Core.u",
      "HumanReadableControlToken": " /= "
    },
    "135": {
      "nativeIndex": 135,
      "PreOperator": false,
      "PostOperator": false,
      "Operator": true,
      "Name": "AddEqual_ByteByte",
      "Filename": "Core.u",
      "HumanReadableControlToken": " += "
    },
    "136": {
      "nativeIndex": 136,
      "PreOperator": false,
      "PostOperator": false,
      "Operator": true,
      "Name": "SubtractEqual_ByteByte",
      "Filename": "Core.u",
      "HumanReadableControlToken": " -= "
    },
    "137": {
      "nativeIndex": 137,
      "PreOperator": true,
      "PostOperator": true,
      "Operator": true,
      "Name": "AddAdd_PreByte",
      "Filename": "Core.u",
      "HumanReadableControlToken": "++"
    },
    "138": {
      "nativeIndex": 138,
      "PreOperator": true,
      "PostOperator": true,
      "Operator": true,
      "Name": "SubtractSubtract_PreByte",
      "Filename": "Core.u",
      "HumanReadableControlToken": "--"
    },
    "139": {
      "nativeIndex": 139,
      "PreOperator": false,
      "PostOperator": true,
      "Operator": true,
      "Name": "AddAdd_Byte",
      "Filename": "Core.u",
      "HumanReadableControlToken": " + "
    },
    "140": {
      "nativeIndex": 140,
      "PreOperator": false,
      "PostOperator": true,
      "Operator": true,
      "Name": "SubtractSubtract_Byte",
      "Filename": "Core.u",
      "HumanReadableControlToken": " - "
    },
    "141": {
      "nativeIndex": 141,
      "PreOperator": true,
      "PostOperator": true,
      "Operator": true,
      "Name": "Complement_PreInt",
      "Filename": "Core.u",
      "HumanReadableControlToken": null
    },
    "142": {
      "nativeIndex": 142,
      "PreOperator": false,
      "PostOperator": false,
      "Operator": true,
      "Name": "EqualEqual_RotatorRotator",
      "Filename": "Core.u",
      "HumanReadableControlToken": null
    },
    "143": {
      "nativeIndex": 143,
      "PreOperator": true,
      "PostOperator": true,
      "Operator": true,
      "Name": "Subtract_PreInt",
      "Filename": "Core.u",
      "HumanReadableControlToken": "--"
    },
    "144": {
      "nativeIndex": 144,
      "PreOperator": false,
      "PostOperator": false,
      "Operator": true,
      "Name": "Multiply_IntInt",
      "Filename": "Core.u",
      "HumanReadableControlToken": " * "
    },
    "145": {
      "nativeIndex": 145,
      "PreOperator": false,
      "PostOperator": false,
      "Operator": true,
      "Name": "Divide_IntInt",
      "Filename": "Core.u",
      "HumanReadableControlToken": " / "
    },
    "146": {
      "nativeIndex": 146,
      "PreOperator": false,
      "PostOperator": false,
      "Operator": true,
      "Name": "Add_IntInt",
      "Filename": "Core.u",
      "HumanReadableControlToken": " + "
    },
    "147": {
      "nativeIndex": 147,
      "PreOperator": false,
      "PostOperator": false,
      "Operator": true,
      "Name": "Subtract_IntInt",
      "Filename": "Core.u",
      "HumanReadableControlToken": " - "
    },
    "148": {
      "nativeIndex": 148,
      "PreOperator": false,
      "PostOperator": false,
      "Operator": true,
      "Name": "LessLess_IntInt",
      "Filename": "Core.u",
      "HumanReadableControlToken": " < "
    },
    "149": {
      "nativeIndex": 149,
      "PreOperator": false,
      "PostOperator": false,
      "Operator": true,
      "Name": "GreaterGreater_IntInt",
      "Filename": "Core.u",
      "HumanReadableControlToken": " > "
    },
    "150": {
      "nativeIndex": 150,
      "PreOperator": false,
      "PostOperator": false,
      "Operator": true,
      "Name": "Less_IntInt",
      "Filename": "Core.u",
      "HumanReadableControlToken": " < "
    },
    "151": {
      "nativeIndex": 151,
      "PreOperator": false,
      "PostOperator": false,
      "Operator": true,
      "Name": "Greater_IntInt",
      "Filename": "Core.u",
      "HumanReadableControlToken": " > "
    },
    "152": {
      "nativeIndex": 152,
      "PreOperator": false,
      "PostOperator": false,
      "Operator": true,
      "Name": "LessEqual_IntInt",
      "Filename": "Core.u",
      "HumanReadableControlToken": " <= "
    },
    "153": {
      "nativeIndex": 153,
      "PreOperator": false,
      "PostOperator": false,
      "Operator": true,
      "Name": "GreaterEqual_IntInt",
      "Filename": "Core.u",
      "HumanReadableControlToken": " >= "
    },
    "154": {
      "nativeIndex": 154,
      "PreOperator": false,
      "PostOperator": false,
      "Operator": true,
      "Name": "EqualEqual_IntInt",
      "Filename": "Core.u",
      "HumanReadableControlToken": " == "
    },
    "155": {
      "nativeIndex": 155,
      "PreOperator": false,
      "PostOperator": false,
      "Operator": true,
      "Name": "NotEqual_IntInt",
      "Filename": "Core.u",
      "HumanReadableControlToken": " != "
    },
    "156": {
      "nativeIndex": 156,
      "PreOperator": false,
      "PostOperator": false,
      "Operator": true,
      "Name": "And_IntInt",
      "Filename": "Core.u",
      "HumanReadableControlToken": " + "
    },
    "157": {
      "nativeIndex": 157,
      "PreOperator": false,
      "PostOperator": false,
      "Operator": true,
      "Name": "Xor_IntInt",
      "Filename": "Core.u",
      "HumanReadableControlToken": null
    },
    "158": {
      "nativeIndex": 158,
      "PreOperator": false,
      "PostOperator": false,
      "Operator": true,
      "Name": "Or_IntInt",
      "Filename": "Core.u",
      "HumanReadableControlToken": null
    },
    "159": {
      "nativeIndex": 159,
      "PreOperator": false,
      "PostOperator": false,
      "Operator": true,
      "Name": "MultiplyEqual_IntFloat",
      "Filename": "Core.u",
      "HumanReadableControlToken": " *= "
    },
    "160": {
      "nativeIndex": 160,
      "PreOperator": false,
      "PostOperator": false,
      "Operator": true,
      "Name": "DivideEqual_IntFloat",
      "Filename": "Core.u",
      "HumanReadableControlToken": " /= "
    },
    "161": {
      "nativeIndex": 161,
      "PreOperator": false,
      "PostOperator": false,
      "Operator": true,
      "Name": "AddEqual_IntInt",
      "Filename": "Core.u",
      "HumanReadableControlToken": " += "
    },
    "162": {
      "nativeIndex": 162,
      "PreOperator": false,
      "PostOperator": false,
      "Operator": true,
      "Name": "SubtractEqual_IntInt",
      "Filename": "Core.u",
      "HumanReadableControlToken": " -= "
    },
    "163": {
      "nativeIndex": 163,
      "PreOperator": true,
      "PostOperator": true,
      "Operator": true,
      "Name": "AddAdd_PreInt",
      "Filename": "Core.u",
      "HumanReadableControlToken": "++"
    },
    "164": {
      "nativeIndex": 164,
      "PreOperator": true,
      "PostOperator": true,
      "Operator": true,
      "Name": "SubtractSubtract_PreInt",
      "Filename": "Core.u",
      "HumanReadableControlToken": "--"
    },
    "165": {
      "nativeIndex": 165,
      "PreOperator": false,
      "PostOperator": true,
      "Operator": true,
      "Name": "AddAdd_Int",
      "Filename": "Core.u",
      "HumanReadableControlToken": "++"
    },
    "166": {
      "nativeIndex": 166,
      "PreOperator": false,
      "PostOperator": true,
      "Operator": true,
      "Name": "SubtractSubtract_Int",
      "Filename": "Core.u",
      "HumanReadableControlToken": "--"
    },
    "167": {
      "nativeIndex": 167,
      "PreOperator": false,
      "PostOperator": false,
      "Operator": false,
      "Name": "Rand",
      "Filename": "Core.u",
      "HumanReadableControlToken": null
    },
    "168": {
      "nativeIndex": 168,
      "PreOperator": false,
      "PostOperator": false,
      "Operator": true,
      "Name": "At_StrStr",
      "Filename": "Core.u",
      "HumanReadableControlToken": null
    },
    "169": {
      "nativeIndex": 169,
      "PreOperator": true,
      "PostOperator": true,
      "Operator": true,
      "Name": "Subtract_PreFloat",
      "Filename": "Core.u",
      "HumanReadableControlToken": "--"
    },
    "170": {
      "nativeIndex": 170,
      "PreOperator": false,
      "PostOperator": false,
      "Operator": true,
      "Name": "MultiplyMultiply_FloatFloat",
      "Filename": "Core.u",
      "HumanReadableControlToken": " ** "
    },
    "171": {
      "nativeIndex": 171,
      "PreOperator": false,
      "PostOperator": false,
      "Operator": true,
      "Name": "Multiply_FloatFloat",
      "Filename": "Core.u",
      "HumanReadableControlToken": " * "
    },
    "172": {
      "nativeIndex": 172,
      "PreOperator": false,
      "PostOperator": false,
      "Operator": true,
      "Name": "Divide_FloatFloat",
      "Filename": "Core.u",
      "HumanReadableControlToken": " / "
    },
    "173": {
      "nativeIndex": 173,
      "PreOperator": false,
      "PostOperator": false,
      "Operator": true,
      "Name": "Percent_FloatFloat",
      "Filename": "Core.u",
      "HumanReadableControlToken": null
    },
    "174": {
      "nativeIndex": 174,
      "PreOperator": false,
      "PostOperator": false,
      "Operator": true,
      "Name": "Add_FloatFloat",
      "Filename": "Core.u",
      "HumanReadableControlToken": " + "
    },
    "175": {
      "nativeIndex": 175,
      "PreOperator": false,
      "PostOperator": false,
      "Operator": true,
      "Name": "Subtract_FloatFloat",
      "Filename": "Core.u",
      "HumanReadableControlToken": " - "
    },
    "176": {
      "nativeIndex": 176,
      "PreOperator": false,
      "PostOperator": false,
      "Operator": true,
      "Name": "Less_FloatFloat",
      "Filename": "Core.u",
      "HumanReadableControlToken": " < "
    },
    "177": {
      "nativeIndex": 177,
      "PreOperator": false,
      "PostOperator": false,
      "Operator": true,
      "Name": "Greater_FloatFloat",
      "Filename": "Core.u",
      "HumanReadableControlToken": " > "
    },
    "178": {
      "nativeIndex": 178,
      "PreOperator": false,
      "PostOperator": false,
      "Operator": true,
      "Name": "LessEqual_FloatFloat",
      "Filename": "Core.u",
      "HumanReadableControlToken": " <= "
    },
    "179": {
      "nativeIndex": 179,
      "PreOperator": false,
      "PostOperator": false,
      "Operator": true,
      "Name": "GreaterEqual_FloatFloat",
      "Filename": "Core.u",
      "HumanReadableControlToken": " >= "
    },
    "180": {
      "nativeIndex": 180,
      "PreOperator": false,
      "PostOperator": false,
      "Operator": true,
      "Name": "EqualEqual_FloatFloat",
      "Filename": "Core.u",
      "HumanReadableControlToken": " == "
    },
    "181": {
      "nativeIndex": 181,
      "PreOperator": false,
      "PostOperator": false,
      "Operator": true,
      "Name": "NotEqual_FloatFloat",
      "Filename": "Core.u",
      "HumanReadableControlToken": " != "
    },
    "182": {
      "nativeIndex": 182,
      "PreOperator": false,
      "PostOperator": false,
      "Operator": true,
      "Name": "MultiplyEqual_FloatFloat",
      "Filename": "Core.u",
      "HumanReadableControlToken": " * "
    },
    "183": {
      "nativeIndex": 183,
      "PreOperator": false,
      "PostOperator": false,
      "Operator": true,
      "Name": "DivideEqual_FloatFloat",
      "Filename": "Core.u",
      "HumanReadableControlToken": " / "
    },
    "184": {
      "nativeIndex": 184,
      "PreOperator": false,
      "PostOperator": false,
      "Operator": true,
      "Name": "AddEqual_FloatFloat",
      "Filename": "Core.u",
      "HumanReadableControlToken": " += "
    },
    "185": {
      "nativeIndex": 185,
      "PreOperator": false,
      "PostOperator": false,
      "Operator": true,
      "Name": "SubtractEqual_FloatFloat",
      "Filename": "Core.u",
      "HumanReadableControlToken": " -= "
    },
    "186": {
      "nativeIndex": 186,
      "PreOperator": false,
      "PostOperator": false,
      "Operator": false,
      "Name": "Abs",
      "Filename": "Core.u",
      "HumanReadableControlToken": null
    },
    "187": {
      "nativeIndex": 187,
      "PreOperator": false,
      "PostOperator": false,
      "Operator": false,
      "Name": "Sin",
      "Filename": "Core.u",
      "HumanReadableControlToken": null
    },
    "188": {
      "nativeIndex": 188,
      "PreOperator": false,
      "PostOperator": false,
      "Operator": false,
      "Name": "Cos",
      "Filename": "Core.u",
      "HumanReadableControlToken": null
    },
    "189": {
      "nativeIndex": 189,
      "PreOperator": false,
      "PostOperator": false,
      "Operator": false,
      "Name": "Tan",
      "Filename": "Core.u",
      "HumanReadableControlToken": null
    },
    "190": {
      "nativeIndex": 190,
      "PreOperator": false,
      "PostOperator": false,
      "Operator": false,
      "Name": "Atan",
      "Filename": "Core.u",
      "HumanReadableControlToken": null
    },
    "191": {
      "nativeIndex": 191,
      "PreOperator": false,
      "PostOperator": false,
      "Operator": false,
      "Name": "Exp",
      "Filename": "Core.u",
      "HumanReadableControlToken": null
    },
    "192": {
      "nativeIndex": 192,
      "PreOperator": false,
      "PostOperator": false,
      "Operator": false,
      "Name": "Loge",
      "Filename": "Core.u",
      "HumanReadableControlToken": null
    },
    "193": {
      "nativeIndex": 193,
      "PreOperator": false,
      "PostOperator": false,
      "Operator": false,
      "Name": "Sqrt",
      "Filename": "Core.u",
      "HumanReadableControlToken": null
    },
    "194": {
      "nativeIndex": 194,
      "PreOperator": false,
      "PostOperator": false,
      "Operator": false,
      "Name": "Square",
      "Filename": "Core.u",
      "HumanReadableControlToken": null
    },
    "195": {
      "nativeIndex": 195,
      "PreOperator": false,
      "PostOperator": false,
      "Operator": false,
      "Name": "FRand",
      "Filename": "Core.u",
      "HumanReadableControlToken": null
    },
    "196": {
      "nativeIndex": 196,
      "PreOperator": false,
      "PostOperator": false,
      "Operator": true,
      "Name": "GreaterGreaterGreater_IntInt",
      "Filename": "Core.u",
      "HumanReadableControlToken": " > "
    },
    "197": {
      "nativeIndex": 197,
      "PreOperator": false,
      "PostOperator": false,
      "Operator": false,
      "Name": "IsA",
      "Filename": "Core.u",
      "HumanReadableControlToken": null
    },
    "198": {
      "nativeIndex": 198,
      "PreOperator": false,
      "PostOperator": false,
      "Operator": true,
      "Name": "MultiplyEqual_ByteFloat",
      "Filename": "Core.u",
      "HumanReadableControlToken": null
    },
    "201": {
      "nativeIndex": 201,
      "PreOperator": false,
      "PostOperator": false,
      "Operator": false,
      "Name": "Repl",
      "Filename": "Core.u",
      "HumanReadableControlToken": null
    },
    "203": {
      "nativeIndex": 203,
      "PreOperator": false,
      "PostOperator": false,
      "Operator": true,
      "Name": "NotEqual_RotatorRotator",
      "Filename": "Core.u",
      "HumanReadableControlToken": null
    },
    "210": {
      "nativeIndex": 210,
      "PreOperator": false,
      "PostOperator": false,
      "Operator": true,
      "Name": "ComplementEqual_FloatFloat",
      "Filename": "Core.u",
      "HumanReadableControlToken": null
    },
    "211": {
      "nativeIndex": 211,
      "PreOperator": true,
      "PostOperator": true,
      "Operator": true,
      "Name": "Subtract_PreVector",
      "Filename": "Core.u",
      "HumanReadableControlToken": null
    },
    "212": {
      "nativeIndex": 212,
      "PreOperator": false,
      "PostOperator": false,
      "Operator": true,
      "Name": "Multiply_VectorFloat",
      "Filename": "Core.u",
      "HumanReadableControlToken": null
    },
    "213": {
      "nativeIndex": 213,
      "PreOperator": false,
      "PostOperator": false,
      "Operator": true,
      "Name": "Multiply_FloatVector",
      "Filename": "Core.u",
      "HumanReadableControlToken": null
    },
    "214": {
      "nativeIndex": 214,
      "PreOperator": false,
      "PostOperator": false,
      "Operator": true,
      "Name": "Divide_VectorFloat",
      "Filename": "Core.u",
      "HumanReadableControlToken": null
    },
    "215": {
      "nativeIndex": 215,
      "PreOperator": false,
      "PostOperator": false,
      "Operator": true,
      "Name": "Add_VectorVector",
      "Filename": "Core.u",
      "HumanReadableControlToken": null
    },
    "216": {
      "nativeIndex": 216,
      "PreOperator": false,
      "PostOperator": false,
      "Operator": true,
      "Name": "Subtract_VectorVector",
      "Filename": "Core.u",
      "HumanReadableControlToken": null
    },
    "217": {
      "nativeIndex": 217,
      "PreOperator": false,
      "PostOperator": false,
      "Operator": true,
      "Name": "EqualEqual_VectorVector",
      "Filename": "Core.u",
      "HumanReadableControlToken": null
    },
    "218": {
      "nativeIndex": 218,
      "PreOperator": false,
      "PostOperator": false,
      "Operator": true,
      "Name": "NotEqual_VectorVector",
      "Filename": "Core.u",
      "HumanReadableControlToken": " != "
    },
    "219": {
      "nativeIndex": 219,
      "PreOperator": false,
      "PostOperator": false,
      "Operator": true,
      "Name": "Dot_VectorVector",
      "Filename": "Core.u",
      "HumanReadableControlToken": null
    },
    "220": {
      "nativeIndex": 220,
      "PreOperator": false,
      "PostOperator": false,
      "Operator": true,
      "Name": "Cross_VectorVector",
      "Filename": "Core.u",
      "HumanReadableControlToken": null
    },
    "221": {
      "nativeIndex": 221,
      "PreOperator": false,
      "PostOperator": false,
      "Operator": true,
      "Name": "MultiplyEqual_VectorFloat",
      "Filename": "Core.u",
      "HumanReadableControlToken": null
    },
    "222": {
      "nativeIndex": 222,
      "PreOperator": false,
      "PostOperator": false,
      "Operator": true,
      "Name": "DivideEqual_VectorFloat",
      "Filename": "Core.u",
      "HumanReadableControlToken": null
    },
    "223": {
      "nativeIndex": 223,
      "PreOperator": false,
      "PostOperator": false,
      "Operator": true,
      "Name": "AddEqual_VectorVector",
      "Filename": "Core.u",
      "HumanReadableControlToken": null
    },
    "224": {
      "nativeIndex": 224,
      "PreOperator": false,
      "PostOperator": false,
      "Operator": true,
      "Name": "SubtractEqual_VectorVector",
      "Filename": "Core.u",
      "HumanReadableControlToken": null
    },
    "225": {
      "nativeIndex": 225,
      "PreOperator": false,
      "PostOperator": false,
      "Operator": false,
      "Name": "VSize",
      "Filename": "Core.u",
      "HumanReadableControlToken": null
    },
    "226": {
      "nativeIndex": 226,
      "PreOperator": false,
      "PostOperator": false,
      "Operator": false,
      "Name": "Normal",
      "Filename": "Core.u",
      "HumanReadableControlToken": null
    },
    "229": {
      "nativeIndex": 229,
      "PreOperator": false,
      "PostOperator": false,
      "Operator": false,
      "Name": "GetAxes",
      "Filename": "Core.u",
      "HumanReadableControlToken": null
    },
    "230": {
      "nativeIndex": 230,
      "PreOperator": false,
      "PostOperator": false,
      "Operator": false,
      "Name": "GetUnAxes",
      "Filename": "Core.u",
      "HumanReadableControlToken": null
    },
    "231": {
      "nativeIndex": 231,
      "PreOperator": false,
      "PostOperator": false,
      "Operator": false,
      "Name": "LogInternal",
      "Filename": "Core.u",
      "HumanReadableControlToken": null
    },
    "232": {
      "nativeIndex": 232,
      "PreOperator": false,
      "PostOperator": false,
      "Operator": false,
      "Name": "WarnInternal",
      "Filename": "Core.u",
      "HumanReadableControlToken": null
    },
    "234": {
      "nativeIndex": 234,
      "PreOperator": false,
      "PostOperator": false,
      "Operator": false,
      "Name": "Right",
      "Filename": "Core.u",
      "HumanReadableControlToken": null
    },
    "235": {
      "nativeIndex": 235,
      "PreOperator": false,
      "PostOperator": false,
      "Operator": false,
      "Name": "Caps",
      "Filename": "Core.u",
      "HumanReadableControlToken": null
    },
    "236": {
      "nativeIndex": 236,
      "PreOperator": false,
      "PostOperator": false,
      "Operator": false,
      "Name": "Chr",
      "Filename": "Core.u",
      "HumanReadableControlToken": null
    },
    "237": {
      "nativeIndex": 237,
      "PreOperator": false,
      "PostOperator": false,
      "Operator": false,
      "Name": "Asc",
      "Filename": "Core.u",
      "HumanReadableControlToken": null
    },
    "238": {
      "nativeIndex": 238,
      "PreOperator": false,
      "PostOperator": false,
      "Operator": false,
      "Name": "Locs",
      "Filename": "Core.u",
      "HumanReadableControlToken": null
    },
    "242": {
      "nativeIndex": 242,
      "PreOperator": false,
      "PostOperator": false,
      "Operator": true,
      "Name": "EqualEqual_BoolBool",
      "Filename": "Core.u",
      "HumanReadableControlToken": " == "
    },
    "243": {
      "nativeIndex": 243,
      "PreOperator": false,
      "PostOperator": false,
      "Operator": true,
      "Name": "NotEqual_BoolBool",
      "Filename": "Core.u",
      "HumanReadableControlToken": " != "
    },
    "244": {
      "nativeIndex": 244,
      "PreOperator": false,
      "PostOperator": false,
      "Operator": false,
      "Name": "FMin",
      "Filename": "Core.u",
      "HumanReadableControlToken": null
    },
    "245": {
      "nativeIndex": 245,
      "PreOperator": false,
      "PostOperator": false,
      "Operator": false,
      "Name": "FMax",
      "Filename": "Core.u",
      "HumanReadableControlToken": null
    },
    "246": {
      "nativeIndex": 246,
      "PreOperator": false,
      "PostOperator": false,
      "Operator": false,
      "Name": "FClamp",
      "Filename": "Core.u",
      "HumanReadableControlToken": null
    },
    "247": {
      "nativeIndex": 247,
      "PreOperator": false,
      "PostOperator": false,
      "Operator": false,
      "Name": "Lerp",
      "Filename": "Core.u",
      "HumanReadableControlToken": null
    },
    "249": {
      "nativeIndex": 249,
      "PreOperator": false,
      "PostOperator": false,
      "Operator": false,
      "Name": "Min",
      "Filename": "Core.u",
      "HumanReadableControlToken": null
    },
    "250": {
      "nativeIndex": 250,
      "PreOperator": false,
      "PostOperator": false,
      "Operator": false,
      "Name": "Max",
      "Filename": "Core.u",
      "HumanReadableControlToken": null
    },
    "251": {
      "nativeIndex": 251,
      "PreOperator": false,
      "PostOperator": false,
      "Operator": false,
      "Name": "Clamp",
      "Filename": "Core.u",
      "HumanReadableControlToken": null
    },
    "252": {
      "nativeIndex": 252,
      "PreOperator": false,
      "PostOperator": false,
      "Operator": false,
      "Name": "VRand",
      "Filename": "Core.u",
      "HumanReadableControlToken": null
    },
    "254": {
      "nativeIndex": 254,
      "PreOperator": false,
      "PostOperator": false,
      "Operator": true,
      "Name": "EqualEqual_NameName",
      "Filename": "Core.u",
      "HumanReadableControlToken": " == "
    },
    "255": {
      "nativeIndex": 255,
      "PreOperator": false,
      "PostOperator": false,
      "Operator": true,
      "Name": "NotEqual_NameName",
      "Filename": "Core.u",
      "HumanReadableControlToken": " != "
    },
    "256": {
      "nativeIndex": 256,
      "PreOperator": false,
      "PostOperator": false,
      "Operator": false,
      "Name": "Sleep",
      "Filename": "Engine.u",
      "HumanReadableControlToken": null
    },
    "258": {
      "nativeIndex": 258,
      "PreOperator": false,
      "PostOperator": false,
      "Operator": false,
      "Name": "ClassIsChildOf",
      "Filename": "Core.u",
      "HumanReadableControlToken": null
    },
    "261": {
      "nativeIndex": 261,
      "PreOperator": false,
      "PostOperator": false,
      "Operator": false,
      "Name": "FinishAnim",
      "Filename": "Engine.u",
      "HumanReadableControlToken": null
    },
    "262": {
      "nativeIndex": 262,
      "PreOperator": false,
      "PostOperator": false,
      "Operator": false,
      "Name": "SetCollision",
      "Filename": "Engine.u",
      "HumanReadableControlToken": null
    },
    "266": {
      "nativeIndex": 266,
      "PreOperator": false,
      "PostOperator": false,
      "Operator": false,
      "Name": "Move",
      "Filename": "Engine.u",
      "HumanReadableControlToken": null
    },
    "267": {
      "nativeIndex": 267,
      "PreOperator": false,
      "PostOperator": false,
      "Operator": false,
      "Name": "SetLocation",
      "Filename": "Engine.u",
      "HumanReadableControlToken": null
    },
    "270": {
      "nativeIndex": 270,
      "PreOperator": false,
      "PostOperator": false,
      "Operator": true,
      "Name": "Add_QuatQuat",
      "Filename": "Core.u",
      "HumanReadableControlToken": null
    },
    "271": {
      "nativeIndex": 271,
      "PreOperator": false,
      "PostOperator": false,
      "Operator": true,
      "Name": "Subtract_QuatQuat",
      "Filename": "Core.u",
      "HumanReadableControlToken": null
    },
    "272": {
      "nativeIndex": 272,
      "PreOperator": false,
      "PostOperator": false,
      "Operator": false,
      "Name": "SetOwner",
      "Filename": "Engine.u",
      "HumanReadableControlToken": null
    },
    "275": {
      "nativeIndex": 275,
      "PreOperator": false,
      "PostOperator": false,
      "Operator": true,
      "Name": "LessLess_VectorRotator",
      "Filename": "Core.u",
      "HumanReadableControlToken": null
    },
    "276": {
      "nativeIndex": 276,
      "PreOperator": false,
      "PostOperator": false,
      "Operator": true,
      "Name": "GreaterGreater_VectorRotator",
      "Filename": "Core.u",
      "HumanReadableControlToken": null
    },
    "277": {
      "nativeIndex": 277,
      "PreOperator": false,
      "PostOperator": false,
      "Operator": false,
      "Name": "Trace",
      "Filename": "Engine.u",
      "HumanReadableControlToken": null
    },
    "278": {
      "nativeIndex": 278,
      "PreOperator": false,
      "PostOperator": false,
      "Operator": false,
      "Name": "Spawn",
      "Filename": "Engine.u",
      "HumanReadableControlToken": null
    },
    "279": {
      "nativeIndex": 279,
      "PreOperator": false,
      "PostOperator": false,
      "Operator": false,
      "Name": "Destroy",
      "Filename": "Engine.u",
      "HumanReadableControlToken": null
    },
    "280": {
      "nativeIndex": 280,
      "PreOperator": false,
      "PostOperator": false,
      "Operator": false,
      "Name": "SetTimer",
      "Filename": "Engine.u",
      "HumanReadableControlToken": null
    },
    "281": {
      "nativeIndex": 281,
      "PreOperator": false,
      "PostOperator": false,
      "Operator": false,
      "Name": "IsInState",
      "Filename": "Core.u",
      "HumanReadableControlToken": null
    },
    "283": {
      "nativeIndex": 283,
      "PreOperator": false,
      "PostOperator": false,
      "Operator": false,
      "Name": "SetCollisionSize",
      "Filename": "Engine.u",
      "HumanReadableControlToken": null
    },
    "284": {
      "nativeIndex": 284,
      "PreOperator": false,
      "PostOperator": false,
      "Operator": false,
      "Name": "GetStateName",
      "Filename": "Core.u",
      "HumanReadableControlToken": null
    },
    "287": {
      "nativeIndex": 287,
      "PreOperator": false,
      "PostOperator": false,
      "Operator": true,
      "Name": "Multiply_RotatorFloat",
      "Filename": "Core.u",
      "HumanReadableControlToken": null
    },
    "288": {
      "nativeIndex": 288,
      "PreOperator": false,
      "PostOperator": false,
      "Operator": true,
      "Name": "Multiply_FloatRotator",
      "Filename": "Core.u",
      "HumanReadableControlToken": null
    },
    "289": {
      "nativeIndex": 289,
      "PreOperator": false,
      "PostOperator": false,
      "Operator": true,
      "Name": "Divide_RotatorFloat",
      "Filename": "Core.u",
      "HumanReadableControlToken": null
    },
    "290": {
      "nativeIndex": 290,
      "PreOperator": false,
      "PostOperator": false,
      "Operator": true,
      "Name": "MultiplyEqual_RotatorFloat",
      "Filename": "Core.u",
      "HumanReadableControlToken": null
    },
    "291": {
      "nativeIndex": 291,
      "PreOperator": false,
      "PostOperator": false,
      "Operator": true,
      "Name": "DivideEqual_RotatorFloat",
      "Filename": "Core.u",
      "HumanReadableControlToken": null
    },
    "296": {
      "nativeIndex": 296,
      "PreOperator": false,
      "PostOperator": false,
      "Operator": true,
      "Name": "Multiply_VectorVector",
      "Filename": "Core.u",
      "HumanReadableControlToken": null
    },
    "297": {
      "nativeIndex": 297,
      "PreOperator": false,
      "PostOperator": false,
      "Operator": true,
      "Name": "MultiplyEqual_VectorVector",
      "Filename": "Core.u",
      "HumanReadableControlToken": null
    },
    "298": {
      "nativeIndex": 298,
      "PreOperator": false,
      "PostOperator": false,
      "Operator": false,
      "Name": "SetBase",
      "Filename": "Engine.u",
      "HumanReadableControlToken": null
    },
    "299": {
      "nativeIndex": 299,
      "PreOperator": false,
      "PostOperator": false,
      "Operator": false,
      "Name": "SetRotation",
      "Filename": "Engine.u",
      "HumanReadableControlToken": null
    },
    "300": {
      "nativeIndex": 300,
      "PreOperator": false,
      "PostOperator": false,
      "Operator": false,
      "Name": "MirrorVectorByNormal",
      "Filename": "Core.u",
      "HumanReadableControlToken": null
    },
    "304": {
      "nativeIndex": 304,
      "PreOperator": false,
      "PostOperator": false,
      "Operator": false,
      "Name": "AllActors",
      "Filename": "Engine.u",
      "HumanReadableControlToken": null
    },
    "305": {
      "nativeIndex": 305,
      "PreOperator": false,
      "PostOperator": false,
      "Operator": false,
      "Name": "ChildActors",
      "Filename": "Engine.u",
      "HumanReadableControlToken": null
    },
    "306": {
      "nativeIndex": 306,
      "PreOperator": false,
      "PostOperator": false,
      "Operator": false,
      "Name": "BasedActors",
      "Filename": "Engine.u",
      "HumanReadableControlToken": null
    },
    "307": {
      "nativeIndex": 307,
      "PreOperator": false,
      "PostOperator": false,
      "Operator": false,
      "Name": "TouchingActors",
      "Filename": "Engine.u",
      "HumanReadableControlToken": null
    },
    "309": {
      "nativeIndex": 309,
      "PreOperator": false,
      "PostOperator": false,
      "Operator": false,
      "Name": "TraceActors",
      "Filename": "Engine.u",
      "HumanReadableControlToken": null
    },
    "311": {
      "nativeIndex": 311,
      "PreOperator": false,
      "PostOperator": false,
      "Operator": false,
      "Name": "VisibleActors",
      "Filename": "Engine.u",
      "HumanReadableControlToken": null
    },
    "312": {
      "nativeIndex": 312,
      "PreOperator": false,
      "PostOperator": false,
      "Operator": false,
      "Name": "VisibleCollidingActors",
      "Filename": "Engine.u",
      "HumanReadableControlToken": null
    },
    "313": {
      "nativeIndex": 313,
      "PreOperator": false,
      "PostOperator": false,
      "Operator": false,
      "Name": "DynamicActors",
      "Filename": "Engine.u",
      "HumanReadableControlToken": null
    },
    "316": {
      "nativeIndex": 316,
      "PreOperator": false,
      "PostOperator": false,
      "Operator": true,
      "Name": "Add_RotatorRotator",
      "Filename": "Core.u",
      "HumanReadableControlToken": null
    },
    "317": {
      "nativeIndex": 317,
      "PreOperator": false,
      "PostOperator": false,
      "Operator": true,
      "Name": "Subtract_RotatorRotator",
      "Filename": "Core.u",
      "HumanReadableControlToken": null
    },
    "318": {
      "nativeIndex": 318,
      "PreOperator": false,
      "PostOperator": false,
      "Operator": true,
      "Name": "AddEqual_RotatorRotator",
      "Filename": "Core.u",
      "HumanReadableControlToken": null
    },
    "319": {
      "nativeIndex": 319,
      "PreOperator": false,
      "PostOperator": false,
      "Operator": true,
      "Name": "SubtractEqual_RotatorRotator",
      "Filename": "Core.u",
      "HumanReadableControlToken": null
    },
    "320": {
      "nativeIndex": 320,
      "PreOperator": false,
      "PostOperator": false,
      "Operator": false,
      "Name": "RotRand",
      "Filename": "Core.u",
      "HumanReadableControlToken": null
    },
    "321": {
      "nativeIndex": 321,
      "PreOperator": false,
      "PostOperator": false,
      "Operator": false,
      "Name": "CollidingActors",
      "Filename": "Engine.u",
      "HumanReadableControlToken": null
    },
    "322": {
      "nativeIndex": 322,
      "PreOperator": false,
      "PostOperator": false,
      "Operator": true,
      "Name": "ConcatEqual_StrStr",
      "Filename": "Core.u",
      "HumanReadableControlToken": "$="
    },
    "323": {
      "nativeIndex": 323,
      "PreOperator": false,
      "PostOperator": false,
      "Operator": true,
      "Name": "AtEqual_StrStr",
      "Filename": "Core.u",
      "HumanReadableControlToken": null
    },
    "324": {
      "nativeIndex": 324,
      "PreOperator": false,
      "PostOperator": false,
      "Operator": true,
      "Name": "SubtractEqual_StrStr",
      "Filename": "Core.u",
      "HumanReadableControlToken": null
    },
    "500": {
      "nativeIndex": 500,
      "PreOperator": false,
      "PostOperator": false,
      "Operator": false,
      "Name": "MoveTo",
      "Filename": "Engine.u",
      "HumanReadableControlToken": null
    },
    "502": {
      "nativeIndex": 502,
      "PreOperator": false,
      "PostOperator": false,
      "Operator": false,
      "Name": "MoveToward",
      "Filename": "Engine.u",
      "HumanReadableControlToken": null
    },
    "508": {
      "nativeIndex": 508,
      "PreOperator": false,
      "PostOperator": false,
      "Operator": false,
      "Name": "FinishRotation",
      "Filename": "Engine.u",
      "HumanReadableControlToken": null
    },
    "512": {
      "nativeIndex": 512,
      "PreOperator": false,
      "PostOperator": false,
      "Operator": false,
      "Name": "MakeNoise",
      "Filename": "Engine.u",
      "HumanReadableControlToken": null
    },
    "514": {
      "nativeIndex": 514,
      "PreOperator": false,
      "PostOperator": false,
      "Operator": false,
      "Name": "LineOfSightTo",
      "Filename": "Engine.u",
      "HumanReadableControlToken": null
    },
    "517": {
      "nativeIndex": 517,
      "PreOperator": false,
      "PostOperator": false,
      "Operator": false,
      "Name": "FindPathToward",
      "Filename": "Engine.u",
      "HumanReadableControlToken": null
    },
    "518": {
      "nativeIndex": 518,
      "PreOperator": false,
      "PostOperator": false,
      "Operator": false,
      "Name": "FindPathTo",
      "Filename": "Engine.u",
      "HumanReadableControlToken": null
    },
    "520": {
      "nativeIndex": 520,
      "PreOperator": false,
      "PostOperator": false,
      "Operator": false,
      "Name": "ActorReachable",
      "Filename": "Engine.u",
      "HumanReadableControlToken": null
    },
    "521": {
      "nativeIndex": 521,
      "PreOperator": false,
      "PostOperator": false,
      "Operator": false,
      "Name": "PointReachable",
      "Filename": "Engine.u",
      "HumanReadableControlToken": null
    },
    "524": {
      "nativeIndex": 524,
      "PreOperator": false,
      "PostOperator": false,
      "Operator": false,
      "Name": "FindStairRotation",
      "Filename": "Engine.u",
      "HumanReadableControlToken": null
    },
    "525": {
      "nativeIndex": 525,
      "PreOperator": false,
      "PostOperator": false,
      "Operator": false,
      "Name": "FindRandomDest",
      "Filename": "Engine.u",
      "HumanReadableControlToken": null
    },
    "526": {
      "nativeIndex": 526,
      "PreOperator": false,
      "PostOperator": false,
      "Operator": false,
      "Name": "PickWallAdjust",
      "Filename": "Engine.u",
      "HumanReadableControlToken": null
    },
    "527": {
      "nativeIndex": 527,
      "PreOperator": false,
      "PostOperator": false,
      "Operator": false,
      "Name": "WaitForLanding",
      "Filename": "Engine.u",
      "HumanReadableControlToken": null
    },
    "531": {
      "nativeIndex": 531,
      "PreOperator": false,
      "PostOperator": false,
      "Operator": false,
      "Name": "PickTarget",
      "Filename": "Engine.u",
      "HumanReadableControlToken": null
    },
    "532": {
      "nativeIndex": 532,
      "PreOperator": false,
      "PostOperator": false,
      "Operator": false,
      "Name": "PlayerCanSeeMe",
      "Filename": "Engine.u",
      "HumanReadableControlToken": null
    },
    "533": {
      "nativeIndex": 533,
      "PreOperator": false,
      "PostOperator": false,
      "Operator": false,
      "Name": "CanSee",
      "Filename": "Engine.u",
      "HumanReadableControlToken": null
    },
    "536": {
      "nativeIndex": 536,
      "PreOperator": false,
      "PostOperator": false,
      "Operator": false,
      "Name": "SaveConfig",
      "Filename": "Core.u",
      "HumanReadableControlToken": null
    },
    "537": {
      "nativeIndex": 537,
      "PreOperator": false,
      "PostOperator": false,
      "Operator": false,
      "Name": "CanSeeByPoints",
      "Filename": "Engine.u",
      "HumanReadableControlToken": null
    },
    "546": {
      "nativeIndex": 546,
      "PreOperator": false,
      "PostOperator": false,
      "Operator": false,
      "Name": "UpdateURL",
      "Filename": "Engine.u",
      "HumanReadableControlToken": null
    },
    "547": {
      "nativeIndex": 547,
      "PreOperator": false,
      "PostOperator": false,
      "Operator": false,
      "Name": "GetURLMap",
      "Filename": "Engine.u",
      "HumanReadableControlToken": null
    },
    "548": {
      "nativeIndex": 548,
      "PreOperator": false,
      "PostOperator": false,
      "Operator": false,
      "Name": "FastTrace",
      "Filename": "Engine.u",
      "HumanReadableControlToken": null
    },
    "1000": {
      "nativeIndex": 1000,
      "PreOperator": false,
      "PostOperator": false,
      "Operator": true,
      "Name": "EqualEqual_StringRefStringRef",
      "Filename": "Core.u",
      "HumanReadableControlToken": null
    },
    "1001": {
      "nativeIndex": 1001,
      "PreOperator": false,
      "PostOperator": false,
      "Operator": true,
      "Name": "EqualEqual_StringRefInt",
      "Filename": "Core.u",
      "HumanReadableControlToken": null
    },
    "1002": {
      "nativeIndex": 1002,
      "PreOperator": false,
      "PostOperator": false,
      "Operator": true,
      "Name": "EqualEqual_IntStringRef",
      "Filename": "Core.u",
      "HumanReadableControlToken": null
    },
    "1003": {
      "nativeIndex": 1003,
      "PreOperator": false,
      "PostOperator": false,
      "Operator": true,
      "Name": "NotEqual_StringRefStringRef",
      "Filename": "Core.u",
      "HumanReadableControlToken": null
    },
    "1004": {
      "nativeIndex": 1004,
      "PreOperator": false,
      "PostOperator": false,
      "Operator": true,
      "Name": "NotEqual_StringRefInt",
      "Filename": "Core.u",
      "HumanReadableControlToken": null
    },
    "1005": {
      "nativeIndex": 1005,
      "PreOperator": false,
      "PostOperator": false,
      "Operator": true,
      "Name": "NotEqual_IntStringRef",
      "Filename": "Core.u",
      "HumanReadableControlToken": null
    },
    "1500": {
      "nativeIndex": 1500,
      "PreOperator": false,
      "PostOperator": false,
      "Operator": false,
      "Name": "ProjectOnTo",
      "Filename": "Core.u",
      "HumanReadableControlToken": null
    },
    "1501": {
      "nativeIndex": 1501,
      "PreOperator": false,
      "PostOperator": false,
      "Operator": false,
      "Name": "IsZero",
      "Filename": "Core.u",
      "HumanReadableControlToken": null
    },
    "3969": {
      "nativeIndex": 3969,
      "PreOperator": false,
      "PostOperator": false,
      "Operator": false,
      "Name": "MoveSmooth",
      "Filename": "Engine.u",
      "HumanReadableControlToken": null
    },
    "3970": {
      "nativeIndex": 3970,
      "PreOperator": false,
      "PostOperator": false,
      "Operator": false,
      "Name": "SetPhysics",
      "Filename": "Engine.u",
      "HumanReadableControlToken": null
    },
    "3971": {
      "nativeIndex": 3971,
      "PreOperator": false,
      "PostOperator": false,
      "Operator": false,
      "Name": "AutonomousPhysics",
      "Filename": "Engine.u"
    }
  }
}